{"emotion": {"angry": 1.1730805471224874e-05, "disgust": 1.4593691991135002e-15, "fear": 0.04064208429874237, "happy": 99.95836019267799, "sad": 7.006280062945343e-06, "surprise": 0.0009761120636271518, "neutral": 7.357283277044256e-09}, "dominant_emotion": "happy", "region": {"x": 1770, "y": 688, "w": 572, "h": 572, "left_eye": null, "right_eye": null}, "face_confidence": 0.93, "age": 28, "gender": {"Woman": 0.190075917635113, "Man": 99.80992674827576}, "dominant_gender": "Man", "race": {"asian": 97.7337120612688, "indian": 0.18902047266933159, "black": 0.006727505788961771, "white": 0.9712724594040191, "middle eastern": 0.005759352622994751, "latino hispanic": 1.0935144219407094}, "dominant_race": "asian"}